{"type": "metrics", "dataset": "train", "precision": 0.6919731119019376, "balanced_accuracy": 0.6611834597723185, "recall": 0.37037037037037035, "f1_score": 0.48249241797628895}
{"type": "metrics", "dataset": "test", "precision": 0.6737327188940092, "balanced_accuracy": 0.6667381121682754, "recall": 0.38352570828961174, "f1_score": 0.4887997325309261}
{"type": "cm_matrix", "dataset": "train", "true_0": {"predicted_0": 15449, "predicted_1": 779}, "true_1": {"predicted_0": 2975, "predicted_1": 1750}}
{"type": "cm_matrix", "dataset": "test", "true_0": {"predicted_0": 6719, "predicted_1": 354}, "true_1": {"predicted_0": 1175, "predicted_1": 731}}
